Product Name,Price,Rating,Seller Name
MI Power Bank 3i 20000mAh Lithium Polymer 18W Fast Power Delivery Charging | Input- Type C | Micro USB| Triple Output | Sandstone Black  ,"2,149",4.3,Cocoblu Retail
Mi 10000mAH Li-Polymer,"1,299",4.3,Cocoblu Retail
MI 10000mAh Lithium Ion,"1,699",4.3,Cocoblu Retail
Ambrane 10000 mAh Lithium Polymer Stylo-10k Power Bank with 20 Watt Fast Charging,949,4.0,Cocoblu Retail
Duracell Power Bank 20000 mAh,"2,699",4.7,Cocoblu Retail
Ambrane 20000mAh Power Bank,"1,799",4.0,Cocoblu Retail
MI 10000mAh 3i Lithium Polymer Power Bank Dual Input(Micro-USB and Type C) and Output Ports 18W Fast Charging (Metallic Blue)  ,"1,299",4.3,Cocoblu Retail
Spigen Lithium Polymer 10000 mAh 3 in 1 Wireless Charging Power Bank with USB-A | USB-C 20W Fast Charging - Black  ,"2,399",3.9,Spigen India
Ambrane 10000mAh Slim Power Bank,999,4.0,Cocoblu Retail
Ambrane 20000mAh Power Bank with 20W Fast Charging,"1,799",4.0,Cocoblu Retail
Ambrane 10000mAh Slim Power Bank,999,4.0,Cocoblu Retail
URBN 10000 mAh Li-Polymer Ultra Compact Power Bank | 12W Fast Charge | Dual USB Output | Type C | Micro Input | Pocket Size (Camo)  ,999,3.9,Cocoblu Retail
Ambrane 27000mAh Power Bank,"2,250",4.1,Cocoblu Retail
URBN 20000 mAh Li-Polymer Ultra Compact Power Bank | 12W Fast Charge | Dual USB Output | Type C & Micro Input Only | Pocket Size | Made in India (Camo)  ,"1,499",3.9,Cocoblu Retail
Duracell Power Bank 10000 mAh,"1,649",4.2,Cocoblu Retail
Ambrane 20000 mAh Lithium Polymer Stylo-20k Power Bank with 20 Watt Fast Charging,"1,799",4.0,Cocoblu Retail
Redmi 20000mAh Li-Polymer Power Bank,"1,899",4.2,Cocoblu Retail
Ambrane 27000mAh Power Bank,"2,299",4.1,Cocoblu Retail
URBN 10000 mAh Lithium_Polymer 22.5W Super Fast Charging Ultra Compact Power Bank with Quick Charge & Power Delivery,"1,299",4.0,Cocoblu Retail
URBN 10000 mAh Lithium Power Bank UPR10K with 12 Watt Fast Charging,999,3.9,Cocoblu Retail
URBN 20000 mAh Li-Polymer Ultra Compact Power Bank | 12W Fast Charge | Dual USB Output | Type C & Micro Input Only | Pocket Size | Made in India (Blue)  ,"1,499",3.9,Cocoblu Retail
Redmi Lithiumpolymer 10000 Mah Fast Charging Slim Power Bank (Black,"1,199",4.2,Cocoblu Retail
URBN 20000 mAh Lithium_Polymer 22.5W Super Fast Charging Ultra Compact Power Bank with Quick Charge & Power Delivery,"1,999",4.0,Cocoblu Retail
URBN 10000 mAh lithium_polymer Power Bank with 22.5 Watt Super Fast Charging,"1,299",4.0,Cocoblu Retail
